User Input,Chatbot Response,Timestamp
hi,Hey! Tell me how I can help you today.,2024-12-06 23:44:03
tell me about your company,"We are a leading interior design firm dedicated to transforming spaces into beautiful, functional designs.",2024-12-06 23:44:45
Tell me about color psychology,"Colors can evoke different emotions. For example, blue promotes calmness, while red encourages energy.",2024-12-07 00:54:05
what ,I can answer questions and provide assistance,2024-12-07 00:56:36
what accessories should I add?,"Consider adding throw pillows, rugs, wall art, and stylish lighting to enhance your space.",2024-12-07 00:56:50
hello,Hi there! Looking for some interior design inspiration?,2024-12-07 01:40:22
can you suggest me some furniture for my home,Use mirrors to make small spaces appear larger. Light-colored walls can brighten a room and make it feel more spacious.,2024-12-07 01:40:58
what is your website about,We have an interior design website which is passionate about creating beautiful spaces.,2024-12-07 01:41:28
how are you,Hello! How can I assist you with your interior design needs?,2024-12-09 11:43:51
what are your opinions about interior design website,Reach out to us for a free consultation and pricing estimate.,2024-12-09 11:44:57
what are your opinions about interior design website,Reach out to us for a free consultation and pricing estimate.,2024-12-09 11:45:24
what does your website provide,"Our logo reflects the modern, innovative approach we take to interior design.",2024-12-09 11:45:50
